,title,year,rating,IMDB_rating,votes,metascore,countries,languages,actors,tagline,genres,imdb_url,director,budget_in_dollars,opening_week_us_in_dollars,gross_usa_in_dollars,world_wide_box_office_in_dollars,num_genres,num_languages,num_countries
0,Munich,2005,R,7.5,202736,74,"['France', 'Canada', 'USA']","['English', 'German', 'French', 'Hebrew', 'Arabic', 'Italian', 'Greek', 'Russian', 'Dutch']","['Eric Bana', 'Daniel Craig', 'Ciarán Hinds', 'Mathieu Kassovitz', 'Hanns Zischler', 'Ayelet Zurer', 'Geoffrey Rush', 'Gila Almagor', 'Michael Lonsdale', 'Mathieu Amalric', 'Moritz Bleibtreu', 'Valeria Bruni Tedeschi', 'Meret Becker', 'Marie-Josée Croze', 'Yvan Attal']",The world was watching in 1972 as 11 Israeli athletes were murdered at the Munich Olympics. This is the story of what happened next.,"[' Drama', ' History', ' Thriller']",https://www.imdb.com/title/tt0408306/,Steven Spielberg,70000000,4152260,47403685,130358645,3,9,3
1,The Lost World: Jurassic Park,1997,PG-13,6.6,357405,59,['USA'],"['English', 'Spanish']","['Jeff Goldblum', 'Julianne Moore', 'Pete Postlethwaite', 'Arliss Howard', 'Richard Attenborough', 'Vince Vaughn', 'Vanessa Chester', 'Peter Stormare', 'Harvey Jason', 'Richard Schiff', 'Thomas F. Duffy', 'Joseph Mazzello', 'Ariana Richards', 'Thomas Rosales Jr.', 'Camilla Belle']",Something has survived,"[' Action', ' Adventure', ' Sci-Fi']",https://www.imdb.com/title/tt0119567/,Steven Spielberg,73000000,72132785,229086679,618638999,3,2,1
2,Jaws,1975,PG,8.0,522031,87,['USA'],['English'],"['Roy Scheider', 'Robert Shaw', 'Richard Dreyfuss', 'Lorraine Gary', 'Murray Hamilton', 'Carl Gottlieb', 'Jeffrey Kramer', 'Susan Backlinie', 'Jonathan Filley', 'Ted Grossman', 'Chris Rebello', 'Jay Mello', 'Lee Fierro', 'Jeffrey Voorhees', 'Craig Kingsbury']",If you forgot what terror was like...it's back.,"[' Adventure', ' Drama', ' Thriller']",https://www.imdb.com/title/tt0073195/,Steven Spielberg,7000000,7061513,260000000,471203004,3,1,1
3,1941,1979,PG,5.8,29946,34,['USA'],"['English', 'Japanese', 'German', 'Spanish']","['Dan Aykroyd', 'Ned Beatty', 'John Belushi', 'Lorraine Gary', 'Murray Hamilton', 'Christopher Lee', 'Tim Matheson', 'Toshirô Mifune', 'Warren Oates', 'Robert Stack', 'Treat Williams', 'Nancy Allen', 'Lucille Benson', 'Jordan Cohen', 'John Candy']","As They Roared Into Battle, Only One Thing Was Missing...The Enemy!","[' Action', ' Comedy', ' War']",https://www.imdb.com/title/tt0078723/,Steven Spielberg,35000000,2701898,31755742,92455742,3,4,1
4,E.T. the Extra-Terrestrial,1982,PG,7.8,349774,91,['USA'],['English'],"['Dee Wallace', 'Henry Thomas', 'Peter Coyote', 'Robert MacNaughton', 'Drew Barrymore', 'K.C. Martel', 'Sean Frye', 'C. Thomas Howell', 'Erika Eleniak', ""David M. O'Dell"", 'Richard Swingler', 'Frank Toth', 'Robert Barton', 'Michael Darrell', 'David Berkson']",The mystery. The suspense. The adventure. The call... that started it all.,"[' Family', ' Sci-Fi']",https://www.imdb.com/title/tt0083866/,Steven Spielberg,10500000,11835389,435110554,792910554,2,1,1
5,Indiana Jones and the Last Crusade,1989,PG-13,8.2,655089,65,['USA'],"['English', 'German', 'Greek', 'Arabic']","['Harrison Ford', 'Sean Connery', 'Denholm Elliott', 'Alison Doody', 'John Rhys-Davies', 'Julian Glover', 'River Phoenix', 'Michael Byrne', 'Kevork Malikyan', 'Robert Eddison', 'Richard Young', 'Alexei Sayle', 'Alex Hyde-White', 'Paul Maxwell', 'Isla Blair']","The man with the hat is back. And this time, he's bringing his Dad.","[' Action', ' Adventure']",https://www.imdb.com/title/tt0097576/,Steven Spielberg,48000000,29355021,197171806,474310887,2,4,1
6,Indiana Jones and the Temple of Doom,1984,PG,7.6,421067,57,['USA'],"['English', 'Sinhalese', 'Hindi']","['Harrison Ford', 'Kate Capshaw', 'Ke Huy Quan', 'Amrish Puri', 'Roshan Seth', 'Philip Stone', 'Roy Chiao', 'David Yip', 'Ric Young', 'Chua Kah Joo', 'Rex Ngui', 'Philip Tan', 'Dan Aykroyd', 'Akio Mitamura', 'Michael Yama']",The hero is back!,"[' Action', ' Adventure']",https://www.imdb.com/title/tt0087469/,Steven Spielberg,28000000,25337110,179870271,333107271,2,3,1
7,Jurassic Park,1993,PG-13,8.1,810834,68,['USA'],"['English', 'Spanish']","['Sam Neill', 'Laura Dern', 'Jeff Goldblum', 'Richard Attenborough', 'Bob Peck', 'Martin Ferrero', 'BD Wong', 'Joseph Mazzello', 'Ariana Richards', 'Samuel L. Jackson', 'Wayne Knight', 'Gerald R. Molen', 'Miguel Sandoval', 'Cameron Thor', 'Christopher John Fields']",Caution! Alive Inside.,"[' Action', ' Adventure', ' Sci-Fi', ' Thriller']",https://www.imdb.com/title/tt0107290/,Steven Spielberg,63000000,47026828,402828120,1030314141,4,2,1
8,War of the Worlds,2005,PG-13,6.5,397788,73,['USA'],['English'],"['Tom Cruise', 'Dakota Fanning', 'Miranda Otto', 'Justin Chatwin', 'Tim Robbins', 'Rick Gonzalez', 'Yul Vazquez', 'Lenny Venito', 'Lisa Ann Walter', 'Ann Robinson', 'Gene Barry', 'David Alan Basche', 'Roz Abrams', 'Michael Brownlee', 'Camillia Monet']",Sie sind schon unter uns.,"[' Adventure', ' Sci-Fi', ' Thriller']",https://www.imdb.com/title/tt0407304/,Steven Spielberg,132000000,64878725,234280354,591745532,3,1,1
9,Indiana Jones and the Kingdom of the Crystal Skull,2008,PG-13,6.1,404752,65,['USA'],"['English', 'German', 'Russian']","['Harrison Ford', 'Cate Blanchett', 'Karen Allen', 'Shia LaBeouf', 'Ray Winstone', 'John Hurt', 'Jim Broadbent', 'Igor Jijikine', 'Dimitri Diatchenko', 'Ilia Volok', 'Emmanuel Todorov', 'Pasha D. Lychnikoff', 'Andrew Divoff', 'Venya Manzyuk', 'Alan Dale']",The adventure continues . . . [Australia Theatrical],"[' Action', ' Adventure']",https://www.imdb.com/title/tt0367882/,Steven Spielberg,185000000,100137835,317101119,786636033,2,3,1
10,The Adventures of Tintin,2011,PG,7.3,207389,68,"['USA', 'New Zealand', 'UK']",['English'],"['Jamie Bell', 'Andy Serkis', 'Daniel Craig', 'Nick Frost', 'Simon Pegg', 'Daniel Mays', 'Gad Elmaleh', 'Toby Jones', 'Joe Starr', 'Enn Reitel', 'Mackenzie Crook', 'Tony Curran', 'Sonje Fortag', 'Cary Elwes', 'Phillip Rhys']","This year, discover how far adventure will take you.","[' Animation', ' Action', ' Adventure', ' Family', ' Mystery']",https://www.imdb.com/title/tt0983193/,Steven Spielberg,135000000,9720993,77591831,373993951,5,1,3
11,Close Encounters of the Third Kind,1977,PG,7.6,172989,90,['USA'],"['English', 'French', 'Spanish', 'Hindi']","['Richard Dreyfuss', 'François Truffaut', 'Teri Garr', 'Melinda Dillon', 'Bob Balaban', 'J. Patrick McNamara', 'Warren J. Kemmerling', 'Roberts Blossom', 'Philip Dodds', 'Cary Guffey', 'Shawn Bishop', 'Adrienne Campbell', 'Justin Dreyfuss', 'Lance Henriksen', 'Merrill Connally']",Now There Is More (USA 1980 special edition re-release),"[' Drama', ' Sci-Fi']",https://www.imdb.com/title/tt0075860/,Steven Spielberg,20000000,1767758,135189114,306898466,2,4,1
12,Always,1989,PG,6.4,26670,50,['USA'],['English'],"['Richard Dreyfuss', 'Holly Hunter', 'Brad Johnson', 'John Goodman', 'Audrey Hepburn', 'Roberts Blossom', 'Keith David', 'Ed Van Nuys', 'Marg Helgenberger', 'Dale Dye', 'Brian Haley', 'James Lashly', 'Michael Steve Jones', 'Kim Robillard', 'Jim Sparkman']",They couldn't hear him. They couldn't see him. But he was there when they needed him... Even after he was gone.,"[' Fantasy', ' Romance']",https://www.imdb.com/title/tt0096794/,Steven Spielberg,31000000,3713480,43858790,74134790,2,1,1
13,Amistad,1997,R,7.3,67685,63,['USA'],"['English', 'Mende', 'Spanish', 'Portuguese']","['Morgan Freeman', 'Nigel Hawthorne', 'Anthony Hopkins', 'Djimon Hounsou', 'Matthew McConaughey', 'David Paymer', 'Pete Postlethwaite', 'Stellan Skarsgård', 'Razaaq Adoti', 'Abu Bakaar Fofanah', 'Anna Paquin', 'Tomas Milian', 'Chiwetel Ejiofor', 'Derrick N. Ashong', 'Geno Silva']",A true story.,"[' Drama', ' History']",https://www.imdb.com/title/tt0118607/,Steven Spielberg,36000000,4573523,44229441,44229441,2,4,1
14,A.I. Artificial Intelligence,2001,PG-13,7.2,280214,65,"['USA', 'UK']",['English'],"['Haley Joel Osment', ""Frances O'Connor"", 'Sam Robards', 'Jake Thomas', 'Jude Law', 'William Hurt', 'Ken Leung', 'Clark Gregg', 'Kevin Sussman', 'Tom Gallop', 'Eugene Osment', 'April Grace', 'Matt Winston', 'Sabrina Grdevich', 'Theo Greenly']",Journey To A World Where Robots Dream And Desire,"[' Drama', ' Sci-Fi']",https://www.imdb.com/title/tt0212720/,Steven Spielberg,100000000,29352630,78616689,235926552,2,1,2
15,Catch Me If You Can,2002,PG-13,8.1,756736,75,"['USA', 'Canada']","['English', 'French']","['Leonardo DiCaprio', 'Tom Hanks', 'Christopher Walken', 'Martin Sheen', 'Nathalie Baye', 'Amy Adams', 'James Brolin', 'Brian Howe', 'Frank John Hughes', 'Steve Eastin', 'Chris Ellis', 'John Finn', 'Jennifer Garner', 'Nancy Lenehan', 'Ellen Pompeo']",Die wahre Story einer genialen Täschung. (The true story of an ingenious deception.),"[' Biography', ' Crime', ' Drama']",https://www.imdb.com/title/tt0264464/,Steven Spielberg,52000000,30053627,164615351,352114312,3,2,2
16,Lincoln,2012,PG-13,7.3,234268,86,"['USA', 'India']",['English'],"['Daniel Day-Lewis', 'Sally Field', 'David Strathairn', 'Joseph Gordon-Levitt', 'James Spader', 'Hal Holbrook', 'Tommy Lee Jones', 'John Hawkes', 'Jackie Earle Haley', 'Bruce McGill', 'Tim Blake Nelson', 'Joseph Cross', 'Jared Harris', 'Lee Pace', 'Peter McRobbie']",,[],https://www.imdb.com/title/tt0443272/,Steven Spielberg,65000000,944308,182207973,275293450,0,1,2
17,The BFG,2016,PG,6.4,72380,66,"['USA', 'India', 'UK']",['English'],"['Mark Rylance', 'Ruby Barnhill', 'Penelope Wilton', 'Jemaine Clement', 'Rebecca Hall', 'Rafe Spall', 'Bill Hader', 'Ólafur Darri Ólafsson', 'Adam Godley', 'Michael Adamthwaite', 'Daniel Bacon', 'Jonathan Holmes', 'Chris Gibbs', 'Paul Moniz de Sa', 'Marilyn Norry']","From the human beings that created E.T. and the author of ""Charlie and the Chocolate Factory"" and ""Matilda""","[' Adventure', ' Family', ' Fantasy']",https://www.imdb.com/title/tt3691740/,Steven Spielberg,140000000,18775350,55483770,183288689,3,1,3
18,Ready Player One,2018,PG-13,7.5,327373,64,"['USA', 'India']",['English'],"['Tye Sheridan', 'Olivia Cooke', 'Ben Mendelsohn', 'Lena Waithe', 'T.J. Miller', 'Simon Pegg', 'Mark Rylance', 'Philip Zhao', 'Win Morisaki', 'Hannah John-Kamen', 'Ralph Ineson', 'Susan Lynch', 'Clare Higgins', 'Laurence Spellman', 'Perdita Weeks']",A better reality awaits.,"[' Action', ' Adventure', ' Sci-Fi']",https://www.imdb.com/title/tt1677720/,Steven Spielberg,175000000,41764050,137690172,582890172,3,1,2
19,The Terminal,2004,PG-13,7.3,378845,55,['USA'],"['English', 'Bulgarian', 'Spanish', 'Russian', 'Mandarin', 'German', 'French']","['Tom Hanks', 'Catherine Zeta-Jones', 'Stanley Tucci', 'Chi McBride', 'Diego Luna', 'Barry Shabaka Henley', 'Kumar Pallana', 'Zoe Saldana', 'Eddie Jones', 'Jude Ciccolella', 'Corey Reynolds', 'Guillermo Díaz', 'Rini Bell', 'Stephen Mendel', 'Valeriy Nikolaev']",Life is waiting.,"[' Comedy', ' Drama', ' Romance']",https://www.imdb.com/title/tt0362227/,Steven Spielberg,60000000,19053199,77872883,218685607,3,7,1
20,Jaws,1975,PG,8.0,522031,87,['USA'],['English'],"['Roy Scheider', 'Robert Shaw', 'Richard Dreyfuss', 'Lorraine Gary', 'Murray Hamilton', 'Carl Gottlieb', 'Jeffrey Kramer', 'Susan Backlinie', 'Jonathan Filley', 'Ted Grossman', 'Chris Rebello', 'Jay Mello', 'Lee Fierro', 'Jeffrey Voorhees', 'Craig Kingsbury']",If you forgot what terror was like...it's back.,"[' Adventure', ' Drama', ' Thriller']",https://www.imdb.com/title/tt0073195/,Steven Spielberg,7000000,7061513,260000000,471203004,3,1,1
21,Close Encounters of the Third Kind,1977,PG,7.6,172989,90,['USA'],"['English', 'French', 'Spanish', 'Hindi']","['Richard Dreyfuss', 'François Truffaut', 'Teri Garr', 'Melinda Dillon', 'Bob Balaban', 'J. Patrick McNamara', 'Warren J. Kemmerling', 'Roberts Blossom', 'Philip Dodds', 'Cary Guffey', 'Shawn Bishop', 'Adrienne Campbell', 'Justin Dreyfuss', 'Lance Henriksen', 'Merrill Connally']",Now There Is More (USA 1980 special edition re-release),"[' Drama', ' Sci-Fi']",https://www.imdb.com/title/tt0075860/,Steven Spielberg,20000000,1767758,135189114,306898466,2,4,1
22,Raiders of the Lost Ark,1981,PG,8.4,838221,85,['USA'],"['English', 'German', 'Hebrew', 'Spanish', 'Arabic', 'Nepali']","['Harrison Ford', 'Karen Allen', 'Paul Freeman', 'Ronald Lacey', 'John Rhys-Davies', 'Denholm Elliott', 'Alfred Molina', 'Wolf Kahler', 'Anthony Higgins', 'Vic Tablian', 'Don Fellows', 'William Hootkins', 'Bill Reimbold', 'Fred Sorenson', 'Patrick Durkin']",The Return of the Great Adventure.,"[' Action', ' Adventure']",https://www.imdb.com/title/tt0082971/,Steven Spielberg,18000000,8305823,248159971,390133212,2,6,1
23,Always,1989,PG,6.4,26670,50,['USA'],['English'],"['Richard Dreyfuss', 'Holly Hunter', 'Brad Johnson', 'John Goodman', 'Audrey Hepburn', 'Roberts Blossom', 'Keith David', 'Ed Van Nuys', 'Marg Helgenberger', 'Dale Dye', 'Brian Haley', 'James Lashly', 'Michael Steve Jones', 'Kim Robillard', 'Jim Sparkman']",They couldn't hear him. They couldn't see him. But he was there when they needed him... Even after he was gone.,"[' Fantasy', ' Romance']",https://www.imdb.com/title/tt0096794/,Steven Spielberg,31000000,3713480,43858790,74134790,2,1,1
24,Hook,1991,PG,6.8,221211,52,['USA'],['English'],"['Dustin Hoffman', 'Robin Williams', 'Julia Roberts', 'Bob Hoskins', 'Maggie Smith', 'Caroline Goodall', 'Charlie Korsmo', 'Amber Scott', 'Laurel Cronin', 'Phil Collins', 'Arthur Malet', 'Isaiah Robinson', 'Jasen Fisher', 'Dante Basco', 'Raushan Hammond']",What if Peter Pan grew up?,"[' Adventure', ' Comedy', ' Family', ' Fantasy']",https://www.imdb.com/title/tt0102057/,Steven Spielberg,70000000,13522535,119654823,300854823,4,1,1
25,The Lost World: Jurassic Park,1997,PG-13,6.6,357405,59,['USA'],"['English', 'Spanish']","['Jeff Goldblum', 'Julianne Moore', 'Pete Postlethwaite', 'Arliss Howard', 'Richard Attenborough', 'Vince Vaughn', 'Vanessa Chester', 'Peter Stormare', 'Harvey Jason', 'Richard Schiff', 'Thomas F. Duffy', 'Joseph Mazzello', 'Ariana Richards', 'Thomas Rosales Jr.', 'Camilla Belle']",Something has survived,"[' Action', ' Adventure', ' Sci-Fi']",https://www.imdb.com/title/tt0119567/,Steven Spielberg,73000000,72132785,229086679,618638999,3,2,1
26,Minority Report,2002,PG-13,7.6,482350,80,['USA'],"['English', 'Swedish']","['Tom Cruise', 'Max von Sydow', 'Steve Harris', 'Neal McDonough', 'Patrick Kilpatrick', 'Jessica Capshaw', 'Richard Coca', 'Keith Campbell', 'Kirk B.R. Woller', 'Klea Scott', 'Frank Grillo', 'Anna Maria Horsford', 'Sarah Simmons', 'Eugene Osment', 'James Henderson']","What would you do if you were accused of a murder, you had not committed... yet?","[' Action', ' Crime', ' Mystery', ' Sci-Fi', ' Thriller']",https://www.imdb.com/title/tt0181689/,Steven Spielberg,102000000,35677125,132072926,358372926,5,2,1
27,Munich,2005,R,7.5,202736,74,"['France', 'Canada', 'USA']","['English', 'German', 'French', 'Hebrew', 'Arabic', 'Italian', 'Greek', 'Russian', 'Dutch']","['Eric Bana', 'Daniel Craig', 'Ciarán Hinds', 'Mathieu Kassovitz', 'Hanns Zischler', 'Ayelet Zurer', 'Geoffrey Rush', 'Gila Almagor', 'Michael Lonsdale', 'Mathieu Amalric', 'Moritz Bleibtreu', 'Valeria Bruni Tedeschi', 'Meret Becker', 'Marie-Josée Croze', 'Yvan Attal']",The world was watching in 1972 as 11 Israeli athletes were murdered at the Munich Olympics. This is the story of what happened next.,"[' Drama', ' History', ' Thriller']",https://www.imdb.com/title/tt0408306/,Steven Spielberg,70000000,4152260,47403685,130358645,3,9,3
28,E.T. the Extra-Terrestrial,1982,PG,7.8,349774,91,['USA'],['English'],"['Dee Wallace', 'Henry Thomas', 'Peter Coyote', 'Robert MacNaughton', 'Drew Barrymore', 'K.C. Martel', 'Sean Frye', 'C. Thomas Howell', 'Erika Eleniak', ""David M. O'Dell"", 'Richard Swingler', 'Frank Toth', 'Robert Barton', 'Michael Darrell', 'David Berkson']",The mystery. The suspense. The adventure. The call... that started it all.,"[' Family', ' Sci-Fi']",https://www.imdb.com/title/tt0083866/,Steven Spielberg,10500000,11835389,435110554,792910554,2,1,1
29,The Color Purple,1985,PG-13,7.8,73475,78,['USA'],['English'],"['Danny Glover', 'Whoopi Goldberg', 'Margaret Avery', 'Oprah Winfrey', 'Willard E. Pugh', 'Akosua Busia', 'Desreta Jackson', 'Adolph Caesar', 'Rae Dawn Chong', 'Dana Ivey', 'Leonard Jackson', 'Bennet Guillory', 'John Patton Jr.', 'Carl Anderson', 'Susan Beaubian']",Alice Walker's Pulitzer Prize Winning Story.,[' Drama'],https://www.imdb.com/title/tt0088939/,Steven Spielberg,15000000,1710333,98467863,98467863,1,1,1
30,Empire of the Sun,1987,PG,7.8,108981,62,['USA'],"['English', 'Japanese', 'Mandarin', 'Shanghainese']","['Christian Bale', 'John Malkovich', 'Miranda Richardson', 'Nigel Havers', 'Joe Pantoliano', 'Leslie Phillips', 'Masatô Ibu', 'Emily Richard', 'Rupert Frazer', 'Peter Gale', 'Takatarô Kataoka', 'Ben Stiller', 'David Neidorf', 'Ralph Seymour', 'Robert Stephens']","To survive in a world at war, he must find a strength greater than all the events that surround him.","[' Action', ' Drama', ' History', ' War']",https://www.imdb.com/title/tt0092965/,Steven Spielberg,35000000,1314509,22238696,22238696,4,4,1
31,Cape Fear,1991,R,7.3,160358,73,['USA'],['English'],"['Robert De Niro', 'Nick Nolte', 'Jessica Lange', 'Juliette Lewis', 'Joe Don Baker', 'Robert Mitchum', 'Gregory Peck', 'Martin Balsam', 'Illeana Douglas', 'Fred Dalton Thompson', 'Zully Montero', 'Craig Henne', 'Forest Burton', 'Edgar Allan Poe IV', 'Rod Ball']",The Bowden family has moved to New Essex.,"[' Crime', ' Thriller']",https://www.imdb.com/title/tt0101540/,Martin Scorsese,35000000,10261025,79091969,182291969,2,1,1
32,Schindler's List,1993,R,8.9,1139086,94,['USA'],"['English', 'Hebrew', 'German', 'Polish']","['Liam Neeson', 'Ben Kingsley', 'Ralph Fiennes', 'Caroline Goodall', 'Jonathan Sagall', 'Embeth Davidtz', 'Malgorzata Gebel', 'Shmuel Levy', 'Mark Ivanir', 'Béatrice Macola', 'Andrzej Seweryn', 'Friedrich von Thun', 'Krzysztof Luft', 'Harry Nehring', 'Norbert Weisser']","Whoever saves one life, saves the world entire.","[' Biography', ' Drama', ' History']",https://www.imdb.com/title/tt0108052/,Steven Spielberg,22000000,656636,96898818,322243445,3,4,1
33,Saving Private Ryan,1998,R,8.6,1156781,91,['USA'],"['English', 'French', 'German', 'Czech']","['Tom Hanks', 'Tom Sizemore', 'Edward Burns', 'Barry Pepper', 'Adam Goldberg', 'Vin Diesel', 'Giovanni Ribisi', 'Jeremy Davies', 'Matt Damon', 'Ted Danson', 'Paul Giamatti', 'Dennis Farina', 'Joerg Stadler', 'Max Martini', 'Dylan Bruno']","In the Last Great Invasion of the Last Great War, The Greatest Danger for Eight Men was Saving... One.","[' Drama', ' War']",https://www.imdb.com/title/tt0120815/,Steven Spielberg,70000000,30576104,217049603,482349603,2,4,1
34,The Adventures of Tintin,2011,PG,7.3,207389,68,"['USA', 'New Zealand', 'UK']",['English'],"['Jamie Bell', 'Andy Serkis', 'Daniel Craig', 'Nick Frost', 'Simon Pegg', 'Daniel Mays', 'Gad Elmaleh', 'Toby Jones', 'Joe Starr', 'Enn Reitel', 'Mackenzie Crook', 'Tony Curran', 'Sonje Fortag', 'Cary Elwes', 'Phillip Rhys']","This year, discover how far adventure will take you.","[' Animation', ' Action', ' Adventure', ' Family', ' Mystery']",https://www.imdb.com/title/tt0983193/,Steven Spielberg,135000000,9720993,77591831,373993951,5,1,3
35,War Horse,2011,PG-13,7.2,140130,72,"['USA', 'India']","['English', 'German']","['Jeremy Irvine', 'Peter Mullan', 'Emily Watson', 'Niels Arestrup', 'David Thewlis', 'Tom Hiddleston', 'Benedict Cumberbatch', 'Celine Buckens', 'Toby Kebbell', 'Patrick Kennedy', 'Leonard Carow', 'David Kross', 'Matt Milne', 'Robert Emms', 'Eddie Marsan']",Separated by war. Tested by battle. Bound by friendship.,"[' Action', ' Adventure', ' Drama', ' History', ' War']",https://www.imdb.com/title/tt1568911/,Steven Spielberg,66000000,7515402,79884879,177584879,5,2,2
36,Bridge of Spies,2015,PG-13,7.6,271412,81,"['Germany', 'India', 'USA']","['English', 'German', 'Russian']","['Mark Rylance', 'Domenick Lombardozzi', 'Victor Verhaeghe', 'Mark Fichera', 'Brian Hutchison', 'Tom Hanks', 'Joshua Harto', 'Henny Russell', 'Rebekah Brockman', 'Alan Alda', 'John Rue', 'Billy Magnussen', 'Amy Ryan', 'Jillian Lebling', 'Noah Schnapp']",In a world on the brink the difference between war and peace was one honest man.,"[' Drama', ' History', ' Thriller']",https://www.imdb.com/title/tt3682448/,Steven Spielberg,40000000,15371203,72313754,165478348,3,3,3
37,The Post,2017,PG-13,7.2,118298,83,"['USA', 'UK']",['English'],"['Meryl Streep', 'Tom Hanks', 'Sarah Paulson', 'Bob Odenkirk', 'Tracy Letts', 'Bradley Whitford', 'Bruce Greenwood', 'Matthew Rhys', 'Alison Brie', 'Carrie Coon', 'Jesse Plemons', 'David Cross', 'Zach Woods', 'Pat Healy', 'John Rue']",Truth be told,"[' Biography', ' Drama', ' History', ' Thriller']",https://www.imdb.com/title/tt6294822/,Steven Spielberg,50000000,526011,81903458,179769457,4,1,2
38,Hugo,2011,PG,7.5,291509,83,"['UK', 'USA', 'France']",['English'],"['Ben Kingsley', 'Sacha Baron Cohen', 'Asa Butterfield', 'Chloë Grace Moretz', 'Ray Winstone', 'Emily Mortimer', 'Christopher Lee', 'Helen McCrory', 'Michael Stuhlbarg', 'Frances de la Tour', 'Richard Griffiths', 'Jude Law', 'Kevin Eldon', 'Gulliver McGrath', 'Shaun Aylward']",Discover the Key to the Mystery.,"[' Drama', ' Family', ' Fantasy', ' Mystery']",https://www.imdb.com/title/tt0970179/,Martin Scorsese,150000000,11364505,73864507,185770160,4,1,3
39,The Wolf of Wall Street,2013,R,8.2,1083912,75,['USA'],"['English', 'French']","['Leonardo DiCaprio', 'Jonah Hill', 'Margot Robbie', 'Matthew McConaughey', 'Kyle Chandler', 'Rob Reiner', 'Jon Bernthal', 'Jon Favreau', 'Jean Dujardin', 'Joanna Lumley', 'Cristin Milioti', 'Christine Ebersole', 'Shea Whigham', 'Katarina Cas', 'P.J. Byrne']",More is never enough,"[' Biography', ' Crime', ' Drama']",https://www.imdb.com/title/tt0993846/,Martin Scorsese,100000000,18361578,116900694,392000694,3,2,1
40,Goodfellas,1990,R,8.7,948385,90,['USA'],"['English', 'Italian']","['Robert De Niro', 'Ray Liotta', 'Joe Pesci', 'Lorraine Bracco', 'Paul Sorvino', 'Frank Sivero', 'Tony Darrow', 'Mike Starr', 'Frank Vincent', 'Chuck Low', 'Frank DiLeo', 'Henny Youngman', 'Gina Mastrogiacomo', 'Catherine Scorsese', 'Charles Scorsese']",Murderers come with smiles.,"[' Biography', ' Crime', ' Drama']",https://www.imdb.com/title/tt0099685/,Martin Scorsese,25000000,6368901,46836214,46879633,3,2,1
41,Mean Streets,1973,R,7.3,91183,96,['USA'],"['English', 'Italian']","['Robert De Niro', 'Harvey Keitel', 'David Proval', 'Amy Robinson', 'Richard Romanus', 'Cesare Danova', 'Victor Argo', 'George Memmoli', 'Lenny Scaletta', 'Jeannie Bell', 'Murray Moston', 'David Carradine', 'Robert Carradine', 'Lois Walden', 'Harry Northup']",Go to church on Sunday. Go to hell on Monday.,"[' Crime', ' Drama', ' Thriller']",https://www.imdb.com/title/tt0070379/,Martin Scorsese,500000,32645,32645,41131,3,2,1
42,The Age of Innocence,1993,PG,7.2,46467,90,['USA'],"['English', 'Italian']","['Daniel Day-Lewis', 'Michelle Pfeiffer', 'Winona Ryder', 'Linda Faye Farkas', 'Michael Rees Davis', 'Terry Cook', 'Jon Garrison', 'Richard E. Grant', 'Alec McCowen', 'Geraldine Chaplin', 'Mary Beth Hurt', 'Stuart Wilson', 'Howard Erskine', 'John McLoughlin', 'Christopher Nilsson']",In a world of tradition. In an age of innocence. They dared to break the rules.,"[' Drama', ' Romance']",https://www.imdb.com/title/tt0106226/,Martin Scorsese,34000000,2317289,32255440,32255440,2,2,1
43,Bringing Out the Dead,1999,R,6.8,60563,70,['USA'],['English'],"['Nicolas Cage', 'Patricia Arquette', 'John Goodman', 'Ving Rhames', 'Tom Sizemore', 'Marc Anthony', 'Mary Beth Hurt', 'Cliff Curtis', 'Nestor Serrano', 'Aida Turturro', 'Sonja Sohn', 'Cynthia Roman', 'Afemo Omilami', 'Cullen O. Johnson', 'Arthur J. Nascarella']",From the Director of Taxi Driver,"[' Drama', ' Thriller']",https://www.imdb.com/title/tt0163988/,Martin Scorsese,55000000,6193052,16797191,16797191,2,1,1
44,Taxi Driver,1976,R,8.3,671016,94,['USA'],"['English', 'Spanish']","['Diahnne Abbott', 'Robinson Frank Adu', 'Victor Argo', 'Gino Ardito', 'Garth Avery', 'Peter Boyle', 'Albert Brooks', 'Harry Cohn', 'Copper Cunningham', 'Robert De Niro', 'Brenda Dickson', 'Harry Fischler', 'Jodie Foster', 'Nat Grant', 'Leonard Harris']","On every street in every city, there's a nobody who dreams of being a somebody.","[' Crime', ' Drama']",https://www.imdb.com/title/tt0075314/,Martin Scorsese,1300000,116458,28262574,28441292,2,2,1
45,Raging Bull,1980,R,8.2,300840,89,['USA'],['English'],"['Robert De Niro', 'Cathy Moriarty', 'Joe Pesci', 'Frank Vincent', 'Nicholas Colasanto', 'Theresa Saldana', 'Mario Gallo', 'Frank Adonis', 'Joseph Bono', 'Frank Topham', 'Lori Anne Flax', 'Charles Scorsese', 'Don Dunphy', 'Bill Hanrahan', 'Rita Bennett']",,[],https://www.imdb.com/title/tt0081398/,Martin Scorsese,18000000,128590,23383987,23402117,0,1,1
46,After Hours,1985,R,7.7,52888,90,['USA'],['English'],"['Griffin Dunne', 'Rosanna Arquette', 'Verna Bloom', 'Tommy Chong', 'Linda Fiorentino', 'Teri Garr', 'John Heard', 'Cheech Marin', ""Catherine O'Hara"", 'Dick Miller', 'Will Patton', 'Robert Plunket', 'Bronson Pinchot', 'Rocco Sisto', 'Larry Block']","What if that date you thought would never end, didn't?","[' Comedy', ' Crime', ' Drama', ' Thriller']",https://www.imdb.com/title/tt0088680/,Martin Scorsese,4500000,45435,10609321,10609321,4,1,1
47,The Color of Money,1986,R,7.0,70119,77,['USA'],"['English', 'Spanish']","['Paul Newman', 'Tom Cruise', 'Mary Elizabeth Mastrantonio', 'Helen Shaver', 'John Turturro', 'Bill Cobbs', 'Robert Agins', 'Alvin Anastasia', 'Randall Arney', 'Elizabeth Bracco', ""Vito D'Ambrosio"", 'Ron Dean', 'Lisa Dodson', 'Donald A. Feeney', 'Paul Geier']","The Hustler isn't what he used to be, but he has the next best thing. A kid who is.","[' Drama', ' Sport']",https://www.imdb.com/title/tt0090863/,Martin Scorsese,13800000,6357877,52293982,52293982,2,2,1
48,The Last Temptation of Christ,1988,R,7.6,48390,80,"['Canada', 'USA']",['English'],"['Willem Dafoe', 'Harvey Keitel', 'Paul Greco', 'Steve Shill', 'Verna Bloom', 'Barbara Hershey', 'Roberts Blossom', 'Barry Miller', 'Gary Basaraba', 'Irvin Kershner', 'Victor Argo', 'Michael Been', 'Paul Herman', 'John Lurie', 'Leo Burmester']",,[],https://www.imdb.com/title/tt0095497/,Martin Scorsese,7000000,401211,8373585,8865702,0,1,2
49,Casino,1995,R,8.2,432421,73,"['France', 'USA']",['English'],"['Robert De Niro', 'Sharon Stone', 'Joe Pesci', 'James Woods', 'Don Rickles', 'Alan King', 'Kevin Pollak', 'L.Q. Jones', 'Dick Smothers', 'Frank Vincent', 'John Bloom', 'Pasquale Cajano', 'Melissa Prophet', 'Bill Allison', 'Vinny Vella']",Don't Push Your Luck.,"[' Crime', ' Drama']",https://www.imdb.com/title/tt0112641/,Martin Scorsese,52000000,9946480,42512375,116112375,2,1,2
50,Gangs of New York,2002,R,7.5,383901,72,"['USA', 'Italy']","['English', 'Irish', 'Chinese', 'Latin']","['Leonardo DiCaprio', 'Daniel Day-Lewis', 'Cameron Diaz', 'Jim Broadbent', 'John C. Reilly', 'Henry Thomas', 'Liam Neeson', 'Brendan Gleeson', 'Gary Lewis', 'Stephen Graham', 'Eddie Marsan', 'Alec McCowen', 'David Hemmings', 'Lawrence Gilliard Jr.', 'Cara Seymour']",America Was Born In The Streets.,"[' Crime', ' Drama']",https://www.imdb.com/title/tt0217505/,Martin Scorsese,100000000,9100000,77812000,193772504,2,4,2
51,The Departed,2006,R,8.5,1115995,85,['USA'],"['English', 'Cantonese']","['Leonardo DiCaprio', 'Matt Damon', 'Jack Nicholson', 'Mark Wahlberg', 'Martin Sheen', 'Ray Winstone', 'Vera Farmiga', 'Anthony Anderson', 'Alec Baldwin', 'Kevin Corrigan', 'James Badge Dale', ""David O'Hara"", 'Mark Rolston', 'Robert Wahlberg', 'Kristen Dalton']",Underhanded,"[' Crime', ' Drama', ' Thriller']",https://www.imdb.com/title/tt0407887/,Martin Scorsese,90000000,26887467,132384315,291465034,3,2,1
52,Silence,2016,R,7.2,91125,79,"['USA', 'UK', 'Taiwan', 'Japan', 'Mexico', 'Italy']","['English', 'Japanese', 'Latin']","['Andrew Garfield', 'Adam Driver', 'Liam Neeson', 'Tadanobu Asano', 'Ciarán Hinds', 'Issei Ogata', ""Shin'ya Tsukamoto"", 'Yoshi Oida', 'Yôsuke Kubozuka', 'Kaoru Endô', 'Diego Calderón', 'Rafael Kading', 'Matthew Blake', 'Benoit Masse', 'Tetsuya Igawa']",Sometimes silence is the deadliest sound.,"[' Drama', ' History']",https://www.imdb.com/title/tt0490215/,Martin Scorsese,46000000,130880,7100177,23737523,2,3,6
53,The Aviator,2004,PG-13,7.5,317098,77,"['Germany', 'USA']",['English'],"['Leonardo DiCaprio', 'Cate Blanchett', 'Kate Beckinsale', 'John C. Reilly', 'Alec Baldwin', 'Alan Alda', 'Ian Holm', 'Danny Huston', 'Gwen Stefani', 'Jude Law', 'Adam Scott', 'Matt Ross', 'Kelli Garner', 'Frances Conroy', 'Brent Spiner']",Imagine a life without limits.,"[' Biography', ' Drama']",https://www.imdb.com/title/tt0338751/,Martin Scorsese,110000000,858021,102610330,213719942,2,1,2
54,Roosevelt,,,,,,['USA'],['English'],['Leonardo DiCaprio'],,[],https://www.imdb.com/title/tt7428530/,Martin Scorsese,2.35:1,,,,0,1,1
55,Shutter Island,2010,R,8.1,1047925,63,['USA'],"['English', 'German']","['Leonardo DiCaprio', 'Mark Ruffalo', 'Ben Kingsley', 'Max von Sydow', 'Michelle Williams', 'Emily Mortimer', 'Patricia Clarkson', 'Jackie Earle Haley', 'Ted Levine', 'John Carroll Lynch', 'Elias Koteas', 'Robin Bartlett', 'Christopher Denham', 'Nellie Sciutto', 'Joseph Sikora']",Someone is missing.,"[' Mystery', ' Thriller']",https://www.imdb.com/title/tt1130884/,Martin Scorsese,80000000,41062440,128012934,294804195,2,2,1
56,Taxi Driver,1976,R,8.3,671016,94,['USA'],"['English', 'Spanish']","['Diahnne Abbott', 'Robinson Frank Adu', 'Victor Argo', 'Gino Ardito', 'Garth Avery', 'Peter Boyle', 'Albert Brooks', 'Harry Cohn', 'Copper Cunningham', 'Robert De Niro', 'Brenda Dickson', 'Harry Fischler', 'Jodie Foster', 'Nat Grant', 'Leonard Harris']","On every street in every city, there's a nobody who dreams of being a somebody.","[' Crime', ' Drama']",https://www.imdb.com/title/tt0075314/,Martin Scorsese,1300000,116458,28262574,28441292,2,2,1
57,After Hours,1985,R,7.7,52888,90,['USA'],['English'],"['Griffin Dunne', 'Rosanna Arquette', 'Verna Bloom', 'Tommy Chong', 'Linda Fiorentino', 'Teri Garr', 'John Heard', 'Cheech Marin', ""Catherine O'Hara"", 'Dick Miller', 'Will Patton', 'Robert Plunket', 'Bronson Pinchot', 'Rocco Sisto', 'Larry Block']","What if that date you thought would never end, didn't?","[' Comedy', ' Crime', ' Drama', ' Thriller']",https://www.imdb.com/title/tt0088680/,Martin Scorsese,4500000,45435,10609321,10609321,4,1,1
58,The Color of Money,1986,R,7.0,70119,77,['USA'],"['English', 'Spanish']","['Paul Newman', 'Tom Cruise', 'Mary Elizabeth Mastrantonio', 'Helen Shaver', 'John Turturro', 'Bill Cobbs', 'Robert Agins', 'Alvin Anastasia', 'Randall Arney', 'Elizabeth Bracco', ""Vito D'Ambrosio"", 'Ron Dean', 'Lisa Dodson', 'Donald A. Feeney', 'Paul Geier']","The Hustler isn't what he used to be, but he has the next best thing. A kid who is.","[' Drama', ' Sport']",https://www.imdb.com/title/tt0090863/,Martin Scorsese,13800000,6357877,52293982,52293982,2,2,1
59,Mean Streets,1973,R,7.3,91183,96,['USA'],"['English', 'Italian']","['Robert De Niro', 'Harvey Keitel', 'David Proval', 'Amy Robinson', 'Richard Romanus', 'Cesare Danova', 'Victor Argo', 'George Memmoli', 'Lenny Scaletta', 'Jeannie Bell', 'Murray Moston', 'David Carradine', 'Robert Carradine', 'Lois Walden', 'Harry Northup']",Go to church on Sunday. Go to hell on Monday.,"[' Crime', ' Drama', ' Thriller']",https://www.imdb.com/title/tt0070379/,Martin Scorsese,500000,32645,32645,41131,3,2,1
60,The King of Comedy,1982,PG,7.8,77359,73,['USA'],['English'],"['Robert De Niro', 'Jerry Lewis', 'Diahnne Abbott', 'Sandra Bernhard', 'Ed Herlihy', 'Lou Brown', 'Loretta Tupper', 'Peter Potulski', 'Vinnie Gonzales', 'Whitey Ryan', 'Doc Lawless', 'Marta Heflin', 'Katherine Wallach', 'Charles Kaleina', 'Richard Baratz']","Nobody knows Rupert Pupkin, but by 11:30 tonight, the whole world will know he's . . . THE KING OF COMEDY","[' Comedy', ' Crime', ' Drama', ' Thriller']",https://www.imdb.com/title/tt0085794/,Martin Scorsese,20000000,137624,2536242,2536242,4,1,1
61,Goodfellas,1990,R,8.7,948385,90,['USA'],"['English', 'Italian']","['Robert De Niro', 'Ray Liotta', 'Joe Pesci', 'Lorraine Bracco', 'Paul Sorvino', 'Frank Sivero', 'Tony Darrow', 'Mike Starr', 'Frank Vincent', 'Chuck Low', 'Frank DiLeo', 'Henny Youngman', 'Gina Mastrogiacomo', 'Catherine Scorsese', 'Charles Scorsese']",Murderers come with smiles.,"[' Biography', ' Crime', ' Drama']",https://www.imdb.com/title/tt0099685/,Martin Scorsese,25000000,6368901,46836214,46879633,3,2,1
62,Cape Fear,1991,R,7.3,160358,73,['USA'],['English'],"['Robert De Niro', 'Nick Nolte', 'Jessica Lange', 'Juliette Lewis', 'Joe Don Baker', 'Robert Mitchum', 'Gregory Peck', 'Martin Balsam', 'Illeana Douglas', 'Fred Dalton Thompson', 'Zully Montero', 'Craig Henne', 'Forest Burton', 'Edgar Allan Poe IV', 'Rod Ball']",The Bowden family has moved to New Essex.,"[' Crime', ' Thriller']",https://www.imdb.com/title/tt0101540/,Martin Scorsese,35000000,10261025,79091969,182291969,2,1,1
63,The Age of Innocence,1993,PG,7.2,46467,90,['USA'],"['English', 'Italian']","['Daniel Day-Lewis', 'Michelle Pfeiffer', 'Winona Ryder', 'Linda Faye Farkas', 'Michael Rees Davis', 'Terry Cook', 'Jon Garrison', 'Richard E. Grant', 'Alec McCowen', 'Geraldine Chaplin', 'Mary Beth Hurt', 'Stuart Wilson', 'Howard Erskine', 'John McLoughlin', 'Christopher Nilsson']",In a world of tradition. In an age of innocence. They dared to break the rules.,"[' Drama', ' Romance']",https://www.imdb.com/title/tt0106226/,Martin Scorsese,34000000,2317289,32255440,32255440,2,2,1
64,Kundun,1997,PG-13,7.0,24952,74,"['USA', 'Monaco', 'Morocco']","['English', 'Tibetan', 'Mandarin']","['Tenzin Thuthob Tsarong', 'Gyurme Tethong', 'Tulku Jamyang Kunga Tenzin', 'Tenzin Yeshi Paichang', 'Tencho Gyalpo', 'Tenzin Topjar', 'Tsewang Migyur Khangsar', 'Tenzin Lodoe', 'Geshi Yeshi Gyatso', 'Losang Gyatso', 'Sonam Phuntsok', 'Gyatso Lukhang', 'Lobsang Samten', 'Jigme Tsarong', 'Tenzin Trinley']",The destiny of a people lies in the heart of a boy.,"[' Biography', ' Drama', ' History', ' War']",https://www.imdb.com/title/tt0119485/,Martin Scorsese,28000000,72095,5684789,5684789,4,3,3
65,Bringing Out the Dead,1999,R,6.8,60563,70,['USA'],['English'],"['Nicolas Cage', 'Patricia Arquette', 'John Goodman', 'Ving Rhames', 'Tom Sizemore', 'Marc Anthony', 'Mary Beth Hurt', 'Cliff Curtis', 'Nestor Serrano', 'Aida Turturro', 'Sonja Sohn', 'Cynthia Roman', 'Afemo Omilami', 'Cullen O. Johnson', 'Arthur J. Nascarella']",From the Director of Taxi Driver,"[' Drama', ' Thriller']",https://www.imdb.com/title/tt0163988/,Martin Scorsese,55000000,6193052,16797191,16797191,2,1,1
66,The Wolf of Wall Street,2013,R,8.2,1083912,75,['USA'],"['English', 'French']","['Leonardo DiCaprio', 'Jonah Hill', 'Margot Robbie', 'Matthew McConaughey', 'Kyle Chandler', 'Rob Reiner', 'Jon Bernthal', 'Jon Favreau', 'Jean Dujardin', 'Joanna Lumley', 'Cristin Milioti', 'Christine Ebersole', 'Shea Whigham', 'Katarina Cas', 'P.J. Byrne']",More is never enough,"[' Biography', ' Crime', ' Drama']",https://www.imdb.com/title/tt0993846/,Martin Scorsese,100000000,18361578,116900694,392000694,3,2,1
67,Silence,2016,R,7.2,91125,79,"['USA', 'UK', 'Taiwan', 'Japan', 'Mexico', 'Italy']","['English', 'Japanese', 'Latin']","['Andrew Garfield', 'Adam Driver', 'Liam Neeson', 'Tadanobu Asano', 'Ciarán Hinds', 'Issei Ogata', ""Shin'ya Tsukamoto"", 'Yoshi Oida', 'Yôsuke Kubozuka', 'Kaoru Endô', 'Diego Calderón', 'Rafael Kading', 'Matthew Blake', 'Benoit Masse', 'Tetsuya Igawa']",Sometimes silence is the deadliest sound.,"[' Drama', ' History']",https://www.imdb.com/title/tt0490215/,Martin Scorsese,46000000,130880,7100177,23737523,2,3,6
